Unnamed: 0,Merge,Conf_details,Conf_methods,Loc,Block,Loc_details,is_in_aff_files
2,188a21cc8ac704f36fd3f2984b4da86307ab7949,packages/SystemUI/src/com/android/systemui/statusbar/policy/MobileSignalController.java,['void com.android.systemui.statusbar.policy.MobileSignalController.dump(PrintWriter)'],1,1,"[(868, 868, 1)]",True
4,3454c1e1aa1d155fe2246ce2627cf58e934397e9,services/core/java/com/android/server/am/ActivityManagerConstants.java,[],3,1,"[(35, 37, 3)]",True
5,a97ca47ee3713a075711c311c49e3951264007ef,location/java/android/location/LocationManager.java,['boolean android.location.LocationManager.addGpsStatusListener(Listener)'],2,1,"[(1780, 1781, 2)]",True
6,9caf34febf01086c96266e38d024f7a0315b892d,services/core/java/com/android/server/Watchdog.java,['void com.android.server.Watchdog.run()'],3,1,"[(609, 611, 3)]",True
7,9caf34febf01086c96266e38d024f7a0315b892d,packages/SettingsLib/src/com/android/settingslib/wifi/AccessPoint.java,[],2,1,"[(182, 183, 2)]",True
8,9caf34febf01086c96266e38d024f7a0315b892d,packages/SettingsLib/src/com/android/settingslib/wifi/AccessPointPreference.java,['void com.android.settingslib.wifi.AccessPointPreference.bindFrictionImage(ImageView)'],2,1,"[(206, 207, 2)]",True
10,9caf34febf01086c96266e38d024f7a0315b892d,telephony/java/android/telephony/SmsManager.java,['int android.telephony.SmsManager.getSubscriptionId()'],8,1,"[(985, 992, 8)]",True
12,89cad5d93a5083474840e90d08d6e4aec5833932,services/core/java/com/android/server/BluetoothManagerService.java,[],1,1,"[(16, 16, 1)]",True
14,89cad5d93a5083474840e90d08d6e4aec5833932,packages/SystemUI/src/com/android/systemui/doze/DozeService.java,['void com.android.systemui.doze.DozeService.onDestroy()'],4,1,"[(63, 66, 4)]",True
15,89cad5d93a5083474840e90d08d6e4aec5833932,packages/SystemUI/src/com/android/keyguard/KeyguardSimPinView.java,[],11,1,"[(71, 81, 11)]",True
16,1eef3e1566be8570a0f7a856f12f8992f7d34824,services/core/java/com/android/server/BluetoothManagerService.java,"['void com.android.server.BluetoothManagerService.unbindBluetoothProfileService(int,IBluetoothProfileServiceConnection)', 'int com.android.server.BluetoothManagerService.ProfileServiceConnections.getProxyCount()']",12,2,"[(1236, 1240, 5), (1417, 1423, 7)]",True
17,1eef3e1566be8570a0f7a856f12f8992f7d34824,core/java/android/bluetooth/BluetoothHeadset.java,['void android.bluetooth.BluetoothHeadset.doUnbind()'],13,2,"[(393, 397, 5), (1193, 1200, 8)]",True
18,1eef3e1566be8570a0f7a856f12f8992f7d34824,packages/SystemUI/src/com/android/systemui/qs/tiles/HotspotTile.java,"['void com.android.systemui.qs.tiles.HotspotTile.handleUpdateState(BooleanState,Object)']",7,1,"[(141, 147, 7)]",True
19,1eef3e1566be8570a0f7a856f12f8992f7d34824,core/java/android/bluetooth/BluetoothHearingAid.java,[],31,1,"[(138, 168, 31)]",True
20,f9f9f03acdeb05e6978feca02f6ef20ff57d06bc,packages/SystemUI/src/com/android/systemui/statusbar/policy/MobileSignalController.java,"['void com.android.systemui.statusbar.policy.MobileSignalController.<init>(Context,Config,boolean,TelephonyManager,CallbackHandler,NetworkControllerImpl,SubscriptionInfo,SubscriptionDefaults,Looper)']",4,1,"[(124, 127, 4)]",True
23,4a30c150e58ec67edb92a7bec5ea48cebd6b90d4,services/core/java/com/android/server/am/ActivityManagerService.java,[],6,1,"[(552, 557, 6)]",True
24,4a30c150e58ec67edb92a7bec5ea48cebd6b90d4,packages/SystemUI/src/com/android/systemui/statusbar/StatusBarMobileView.java,[],1,1,"[(61, 61, 1)]",True
25,4a30c150e58ec67edb92a7bec5ea48cebd6b90d4,packages/SettingsLib/src/com/android/settingslib/wifi/AccessPoint.java,[],10,1,"[(190, 199, 10)]",True
26,4a30c150e58ec67edb92a7bec5ea48cebd6b90d4,services/core/java/com/android/server/locksettings/LockSettingsService.java,"['long com.android.server.locksettings.LockSettingsService.setLockCredentialWithAuthTokenLocked(byte[],int,AuthenticationToken,int,int)']",2,1,"[(2663, 2664, 2)]",True
27,4a30c150e58ec67edb92a7bec5ea48cebd6b90d4,packages/SystemUI/src/com/android/systemui/statusbar/phone/PanelView.java,[],1,1,"[(52, 52, 1)]",True
29,4a30c150e58ec67edb92a7bec5ea48cebd6b90d4,packages/SystemUI/src/com/android/systemui/qs/QSPanel.java,"['void com.android.systemui.qs.QSPanel.<init>(Context,AttributeSet)']",2,1,"[(120, 121, 2)]",True
32,b576b28ececdf87e488eaf196c28e48371784746,services/core/java/com/android/server/audio/AudioService.java,"['void com.android.server.audio.AudioService.adjustSuggestedStreamVolume(int,int,int,String,String,int)']",3,1,"[(1531, 1533, 3)]",True
34,2b252c526c654de6d04ec0165b4b8f039b37f82b,packages/SystemUI/src/com/android/systemui/statusbar/policy/NetworkControllerImpl.java,[],5,1,"[(1112, 1116, 5)]",True
35,2b252c526c654de6d04ec0165b4b8f039b37f82b,packages/SystemUI/src/com/android/systemui/statusbar/policy/MobileSignalController.java,['void com.android.systemui.statusbar.policy.MobileSignalController.dump(PrintWriter)'],1,1,"[(817, 817, 1)]",True
37,6e44ad255823e1b7f2b23386d61af655c19adb49,services/core/java/com/android/server/Watchdog.java,['void com.android.server.Watchdog.run()'],1,1,"[(599, 599, 1)]",True
38,6e44ad255823e1b7f2b23386d61af655c19adb49,services/core/java/com/android/server/net/NetworkPolicyManagerService.java,"['void com.android.server.net.NetworkPolicyManagerService.enqueueNotification(NetworkPolicy,int,long,ApplicationInfo)', 'void com.android.server.net.NetworkPolicyManagerService.enqueueNotification(NetworkPolicy,int,long,ApplicationInfo)']",2,2,"[(1340, 1340, 1), (1340, 1340, 1)]",True
40,6e44ad255823e1b7f2b23386d61af655c19adb49,services/core/java/com/android/server/connectivity/NetworkNotificationManager.java,"['void com.android.server.connectivity.NetworkNotificationManager.showNotification(int,NotificationType,NetworkAgentInfo,NetworkAgentInfo,PendingIntent,boolean)']",2,1,"[(199, 200, 2)]",True
41,6e44ad255823e1b7f2b23386d61af655c19adb49,services/core/java/com/android/server/wm/TaskTapPointerEventListener.java,"['void com.android.server.wm.TaskTapPointerEventListener.<init>(WindowManagerService,DisplayContent)']",53,2,"[(54, 56, 3), (62, 111, 50)]",True
42,6e44ad255823e1b7f2b23386d61af655c19adb49,services/core/java/com/android/server/connectivity/tethering/UpstreamNetworkMonitor.java,"['TypeStatePair com.android.server.connectivity.tethering.UpstreamNetworkMonitor.findFirstAvailableUpstreamByType(Iterable<NetworkState>,Iterable<Integer>)']",2,1,"[(456, 457, 2)]",True
43,6e44ad255823e1b7f2b23386d61af655c19adb49,wifi/java/android/net/wifi/WifiConfiguration.java,['String android.net.wifi.WifiConfiguration.configKey(boolean)'],18,1,"[(2281, 2298, 18)]",True
46,6e44ad255823e1b7f2b23386d61af655c19adb49,core/java/android/net/ConnectivityManager.java,[],0,2,"[(0, 0, 0), (0, 0, 0)]",True
47,6e44ad255823e1b7f2b23386d61af655c19adb49,packages/SystemUI/src/com/android/keyguard/KeyguardSimPinView.java,['void com.android.keyguard.KeyguardSimPinView.showDefaultMessage()'],8,1,"[(115, 122, 8)]",True
49,2775a5a9b030266a910301e8b464811acafcd5fa,services/java/com/android/server/SystemServer.java,['void com.android.server.SystemServer.startOtherServices()'],36,1,"[(1382, 1417, 36)]",True
50,2775a5a9b030266a910301e8b464811acafcd5fa,location/java/android/location/LocationManager.java,"['void android.location.LocationManager.requestLocationUpdates(String,long,float,LocationListener)', 'void android.location.LocationManager.requestLocationUpdates(String,long,float,LocationListener,Looper)', 'void android.location.LocationManager.requestLocationUpdates(long,float,Criteria,LocationListener,Looper)', 'void android.location.LocationManager.requestLocationUpdates(String,long,float,PendingIntent)', 'void android.location.LocationManager.requestLocationUpdates(long,float,Criteria,PendingIntent)', 'void android.location.LocationManager.requestSingleUpdate(String,LocationListener,Looper)', 'void android.location.LocationManager.requestSingleUpdate(Criteria,LocationListener,Looper)', 'void android.location.LocationManager.requestSingleUpdate(String,PendingIntent)', 'void android.location.LocationManager.requestSingleUpdate(Criteria,PendingIntent)', 'void android.location.LocationManager.requestLocationUpdates(LocationRequest,LocationListener,Looper)', 'void android.location.LocationManager.requestLocationUpdates(LocationRequest,PendingIntent)', 'void android.location.LocationManager.addProximityAlert(double,double,float,long,PendingIntent)', 'Location android.location.LocationManager.getLastKnownLocation(String)', 'boolean android.location.LocationManager.addGpsStatusListener(Listener)', 'boolean android.location.LocationManager.addNmeaListener(NmeaListener)', 'boolean android.location.LocationManager.sendExtraCommand(String,String,Bundle)']",70,16,"[(575, 577, 3), (608, 610, 3), (642, 644, 3), (671, 673, 3), (779, 781, 3), (810, 811, 2), (841, 842, 2), (865, 866, 2), (890, 891, 2), (960, 962, 3), (991, 992, 2), (1148, 1149, 2), (1450, 1451, 2), (1870, 1887, 18), (1982, 1999, 18), (2398, 2399, 2)]",True
51,2775a5a9b030266a910301e8b464811acafcd5fa,services/core/java/com/android/server/ConnectivityService.java,"['boolean com.android.server.ConnectivityService.satisfiesMobileNetworkDataCheck(NetworkCapabilities)', 'int com.android.server.ConnectivityService.getIntSpecifier(NetworkSpecifier)', 'boolean com.android.server.ConnectivityService.isBestMobileMultiNetwork(NetworkAgentInfo,NetworkCapabilities,NetworkAgentInfo,NetworkCapabilities,NetworkCapabilities)', 'boolean com.android.server.ConnectivityService.isMobileNetwork(NetworkAgentInfo)', 'void com.android.server.ConnectivityService.handleUpdateTCPBuffersfor5G()', 'boolean com.android.server.ConnectivityService.satisfiesMobileMultiNetworkDataCheck(NetworkCapabilities,NetworkCapabilities)']",70,1,"[(6881, 6950, 70)]",True
52,2775a5a9b030266a910301e8b464811acafcd5fa,services/core/java/com/android/server/audio/AudioService.java,['void com.android.server.audio.AudioService.setSpeakerphoneOn(boolean)'],3,1,"[(3357, 3359, 3)]",True
54,2775a5a9b030266a910301e8b464811acafcd5fa,core/java/android/content/pm/ApplicationInfo.java,['int android.content.pm.ApplicationInfo.getOverrideDensity()'],3,1,"[(2052, 2054, 3)]",True
55,2775a5a9b030266a910301e8b464811acafcd5fa,packages/SystemUI/src/com/android/systemui/statusbar/policy/TelephonyIcons.java,"['void com.android.systemui.statusbar.policy.TelephonyIcons.log(String,String)', 'int[] com.android.systemui.statusbar.policy.TelephonyIcons.getSignalStrengthDes(int)', 'void com.android.systemui.statusbar.policy.TelephonyIcons.updateDataType(int,int,boolean,boolean,boolean,int)', 'int com.android.systemui.statusbar.policy.TelephonyIcons.getDataTypeDesc(int)', 'int com.android.systemui.statusbar.policy.TelephonyIcons.getRoamingSignalIconId(int,int)', 'void com.android.systemui.statusbar.policy.TelephonyIcons.initStacked2SingleIconLookup()', 'void com.android.systemui.statusbar.policy.TelephonyIcons.readIconsFromXml(Context)', 'int com.android.systemui.statusbar.policy.TelephonyIcons.getSignalStrengthIcon(int,int,int,boolean)', 'int com.android.systemui.statusbar.policy.TelephonyIcons.getQSDataTypeIcon(int)', 'int com.android.systemui.statusbar.policy.TelephonyIcons.getSignalNullIcon(int)', 'int com.android.systemui.statusbar.policy.TelephonyIcons.convertMobileStrengthIcon(int)', 'int com.android.systemui.statusbar.policy.TelephonyIcons.getStackedVoiceIcon(int)', 'int com.android.systemui.statusbar.policy.TelephonyIcons.getDataActivity(int,int)', 'int com.android.systemui.statusbar.policy.TelephonyIcons.getDataTypeIcon(int)']",446,2,"[(272, 273, 2), (281, 724, 444)]",True
57,2775a5a9b030266a910301e8b464811acafcd5fa,services/core/java/com/android/server/am/ActivityManagerService.java,[],1,1,"[(313, 313, 1)]",True
58,2775a5a9b030266a910301e8b464811acafcd5fa,services/core/java/com/android/server/am/ActiveServices.java,['void com.android.server.am.ActiveServices.performServiceRestartLocked(ServiceRecord)'],31,1,"[(2486, 2516, 31)]",True
59,2775a5a9b030266a910301e8b464811acafcd5fa,packages/SystemUI/src/com/android/systemui/statusbar/policy/MobileSignalController.java,['void com.android.systemui.statusbar.policy.MobileSignalController.updateTelephony()'],6,3,"[(28, 30, 3), (0, 0, 0), (651, 653, 3)]",True
60,2775a5a9b030266a910301e8b464811acafcd5fa,packages/SystemUI/src/com/android/systemui/qs/QSFooterImpl.java,"['void com.android.systemui.qs.QSFooterImpl.updateCarrierInfo(CarrierTextCallbackInfo)', 'void com.android.systemui.qs.QSFooterImpl.QSCarrierText.onVisibilityChanged(View,int)', 'void com.android.systemui.qs.QSFooterImpl.QSCarrierText.<init>(Context,AttributeSet)', 'void com.android.systemui.qs.QSFooterImpl.setMobileDataIndicators(IconState,IconState,int,int,boolean,boolean,int,String,String,boolean,int,boolean)', 'void com.android.systemui.qs.QSFooterImpl.QSCarrierText.<init>(Context)', 'void com.android.systemui.qs.QSFooterImpl.QSCarrierText.<init>(Context,AttributeSet,int,int)', 'void com.android.systemui.qs.QSFooterImpl.setNoSims(boolean,boolean)', 'int com.android.systemui.qs.QSFooterImpl.getSlotIndex(int)', 'void com.android.systemui.qs.QSFooterImpl.QSCarrierText.<init>(Context,AttributeSet,int)', 'void com.android.systemui.qs.QSFooterImpl.handleUpdateState()']",158,1,"[(455, 612, 158)]",True
61,2775a5a9b030266a910301e8b464811acafcd5fa,core/java/android/service/carrier/CarrierIdentifier.java,"['void android.service.carrier.CarrierIdentifier.<init>(String,String,String,String,String,String,int,int)', 'void android.service.carrier.CarrierIdentifier.<init>(String,String,String,String,String,String,String,int,int)', 'int android.service.carrier.CarrierIdentifier.hashCode()', 'String android.service.carrier.CarrierIdentifier.toString()']",19,3,"[(81, 88, 8), (219, 219, 1), (243, 252, 10)]",True
62,2775a5a9b030266a910301e8b464811acafcd5fa,packages/SystemUI/tests/src/com/android/systemui/statusbar/policy/NetworkControllerBaseTest.java,"['void com.android.systemui.statusbar.policy.NetworkControllerBaseTest.verifyLastQsMobileDataIndicators(boolean,int,int,boolean,boolean)']",2,1,"[(343, 344, 2)]",True
65,e449737f6ea4d11d082f1cdec4d067f64d5ba95e,services/core/java/com/android/server/display/LocalDisplayAdapter.java,"['void com.android.server.display.LocalDisplayAdapter.LocalDisplayDevice.<init>(IBinder,long,PhysicalDisplayInfo[],int,int[],int,boolean)']",3,1,"[(184, 186, 3)]",True
66,3a5272699e3e16fbfdc397480898bb27abeb2caa,packages/SettingsProvider/src/com/android/providers/settings/DatabaseHelper.java,['void com.android.providers.settings.DatabaseHelper.loadGlobalSettings(SQLiteDatabase)'],2,1,"[(2612, 2613, 2)]",True
67,3a5272699e3e16fbfdc397480898bb27abeb2caa,services/core/java/com/android/server/connectivity/NetworkAgentInfo.java,"['void com.android.server.connectivity.NetworkAgentInfo.updateClat(INetworkManagementService)', 'void com.android.server.connectivity.NetworkAgentInfo.maybeStartClat()', 'void com.android.server.connectivity.NetworkAgentInfo.maybeStopClat()']",28,1,"[(605, 632, 28)]",True
68,3a5272699e3e16fbfdc397480898bb27abeb2caa,services/core/java/com/android/server/locksettings/LockSettingsService.java,"['void com.android.server.locksettings.LockSettingsService.sanitizePassword()', 'void com.android.server.locksettings.LockSettingsService.setKeystorePassword(String,int)', 'void com.android.server.locksettings.LockSettingsService.retainPassword(String)', 'boolean com.android.server.locksettings.LockSettingsService.checkCryptKeeperPermissions()', 'String com.android.server.locksettings.LockSettingsService.getPassword()', 'byte[] com.android.server.locksettings.LockSettingsService.secretFromCredential(String)', 'void com.android.server.locksettings.LockSettingsService.clearUserKeyAuth(int,byte[],byte[])']",53,2,"[(1108, 1147, 40), (1577, 1589, 13)]",True
69,3a5272699e3e16fbfdc397480898bb27abeb2caa,services/core/java/com/android/server/connectivity/Nat464Xlat.java,[],1,1,"[(28, 28, 1)]",True
70,6e3be19b8a58c265a2c3ff4b9cbabdb6a4ae9bf6,services/core/java/com/android/server/am/ActivityRecord.java,"['void com.android.server.am.ActivityRecord.reportLaunchTimeLocked(long)', 'int com.android.server.am.ActivityRecord.isAppInfoGame()', 'void com.android.server.am.ActivityRecord.reportFullyDrawnLocked(boolean)']",101,1,"[(2018, 2118, 101)]",True
71,6e3be19b8a58c265a2c3ff4b9cbabdb6a4ae9bf6,packages/SystemUI/src/com/android/keyguard/KeyguardUpdateMonitor.java,[],1,1,"[(151, 151, 1)]",True
73,6e3be19b8a58c265a2c3ff4b9cbabdb6a4ae9bf6,packages/SystemUI/src/com/android/systemui/statusbar/policy/HotspotControllerImpl.java,"['void com.android.systemui.statusbar.policy.HotspotControllerImpl.onNumClientsChanged(int)', 'void com.android.systemui.statusbar.policy.HotspotControllerImpl.onStaConnected(String,int)', 'void com.android.systemui.statusbar.policy.HotspotControllerImpl.onStaDisconnected(String,int)']",15,1,"[(190, 204, 15)]",True
74,6e3be19b8a58c265a2c3ff4b9cbabdb6a4ae9bf6,packages/SettingsLib/src/com/android/settingslib/bluetooth/CachedBluetoothDevice.java,['boolean com.android.settingslib.bluetooth.CachedBluetoothDevice.isA2dpDevice()'],4,1,"[(1229, 1232, 4)]",True
75,6e3be19b8a58c265a2c3ff4b9cbabdb6a4ae9bf6,core/java/android/provider/Settings.java,[],1,1,"[(8191, 8191, 1)]",True
76,6e3be19b8a58c265a2c3ff4b9cbabdb6a4ae9bf6,services/core/java/com/android/server/am/ActivityManagerService.java,"['void com.android.server.am.ActivityManagerService.handleAppDiedLocked(ProcessRecord,boolean,boolean)']",12,1,"[(6000, 6011, 12)]",True
77,6e3be19b8a58c265a2c3ff4b9cbabdb6a4ae9bf6,packages/SettingsLib/src/com/android/settingslib/bluetooth/LocalBluetoothProfileManager.java,"['void com.android.settingslib.bluetooth.LocalBluetoothProfileManager.<init>(Context,LocalBluetoothAdapter,CachedBluetoothDeviceManager,BluetoothEventManager)']",12,1,"[(165, 176, 12)]",True
79,cf03be865b65f49562f1e442ee0e7510ee597aa8,telephony/java/com/android/internal/telephony/cdma/SmsMessage.java,['void com.android.internal.telephony.cdma.SmsMessage.parsePduFromEfRecord(byte[])'],3,1,"[(615, 617, 3)]",True
80,cf03be865b65f49562f1e442ee0e7510ee597aa8,services/core/java/com/android/server/ConnectivityService.java,[],1,1,"[(62, 62, 1)]",True
81,cf03be865b65f49562f1e442ee0e7510ee597aa8,services/core/java/com/android/server/connectivity/tethering/TetheringConfiguration.java,"['void com.android.server.connectivity.tethering.TetheringConfiguration.<init>(Context,SharedLog)']",9,1,"[(111, 119, 9)]",True
82,cf03be865b65f49562f1e442ee0e7510ee597aa8,services/core/java/com/android/server/WiredAccessoryManager.java,"['void com.android.server.WiredAccessoryManager.notifyWiredAccessoryChanged(long,int,int)', 'void com.android.server.WiredAccessoryManager.setDeviceStateLocked(int,int,int,String)']",12,2,"[(163, 164, 2), (303, 312, 10)]",True
83,cf03be865b65f49562f1e442ee0e7510ee597aa8,telephony/java/com/android/internal/telephony/cdma/BearerData.java,"['String com.android.internal.telephony.cdma.sms.BearerData.decode7bitAscii(byte[],int,int)', 'String com.android.internal.telephony.cdma.sms.BearerData.decode7bitAscii(byte[],int,int)']",2,2,"[(1103, 1103, 1), (1112, 1112, 1)]",True
84,81b587a542e8381268a9ba8e7461712ef23cd11f,services/core/java/com/android/server/display/LocalDisplayAdapter.java,"['void com.android.server.display.LocalDisplayAdapter.LocalDisplayDevice.<init>(IBinder,int,PhysicalDisplayInfo[],int,int[],int)']",4,1,"[(184, 187, 4)]",True
85,81b587a542e8381268a9ba8e7461712ef23cd11f,media/java/android/media/MediaCodecInfo.java,['void android.media.MediaCodecInfo.VideoCapabilities.applyLevelLimits()'],5,1,"[(2398, 2402, 5)]",True
88,81b587a542e8381268a9ba8e7461712ef23cd11f,services/core/java/com/android/server/am/ActiveServices.java,['void com.android.server.am.ActiveServices.performServiceRestartLocked(ServiceRecord)'],29,1,"[(2459, 2487, 29)]",True
94,567b4cf7b54062947b5eabe6ecef7b70fbb7301b,packages/SystemUI/src/com/android/keyguard/CarrierText.java,"['String com.android.keyguard.CarrierText.getAirplaneModeMessage()', 'void com.android.keyguard.CarrierText.<init>(Context,AttributeSet)', 'CharSequence com.android.keyguard.CarrierText.updateCarrierTextWithSimIoError(CharSequence,boolean)', 'String com.android.keyguard.CarrierText.getMissingSimMessage()', 'void com.android.keyguard.CarrierText.updateCarrierText()']",170,1,"[(141, 310, 170)]",True
95,567b4cf7b54062947b5eabe6ecef7b70fbb7301b,services/core/java/com/android/server/ConnectivityService.java,"['void com.android.server.ConnectivityService.InternalHandler.handleMessage(Message)', 'boolean com.android.server.ConnectivityService.satisfiesMobileMultiNetworkDataCheck(NetworkCapabilities,NetworkCapabilities)', 'boolean com.android.server.ConnectivityService.isMobileNetwork(NetworkAgentInfo)', 'void com.android.server.ConnectivityService.handleUpdateTCPBuffersfor5G()', 'int com.android.server.ConnectivityService.getIntSpecifier(NetworkSpecifier)', 'boolean com.android.server.ConnectivityService.satisfiesMobileNetworkDataCheck(NetworkCapabilities)', 'boolean com.android.server.ConnectivityService.isBestMobileMultiNetwork(NetworkAgentInfo,NetworkCapabilities,NetworkAgentInfo,NetworkCapabilities,NetworkCapabilities)']",73,3,"[(96, 96, 1), (3457, 3458, 2), (6445, 6514, 70)]",True
96,567b4cf7b54062947b5eabe6ecef7b70fbb7301b,services/core/java/com/android/server/audio/AudioService.java,"['void com.android.server.audio.AudioService.onSystemReady()', 'void com.android.server.audio.AudioService.adjustSuggestedStreamVolume(int,int,int,String,String,int)', 'void com.android.server.audio.AudioService.SetModeDeathHandler.binderDied()', 'void com.android.server.audio.AudioService.setMode(int,IBinder,String)', 'void com.android.server.audio.AudioService.setSpeakerphoneOn(boolean)', 'boolean com.android.server.audio.AudioService.isSpeakerphoneOn()', 'void com.android.server.audio.AudioService.setBluetoothScoOn(boolean)', 'boolean com.android.server.audio.AudioService.isBluetoothAudioNotConnectedToEarbud()', 'void com.android.server.audio.AudioService.setBluetoothScoOn(boolean)', 'void com.android.server.audio.AudioService.setBluetoothScoOnInt(boolean,String)', 'boolean com.android.server.audio.AudioService.isBluetoothScoOn()', 'void com.android.server.audio.AudioService.startBluetoothSco(IBinder,int)', 'void com.android.server.audio.AudioService.startBluetoothScoInt(IBinder,int)', 'void com.android.server.audio.AudioService.startBluetoothScoVirtualCall(IBinder)', 'void com.android.server.audio.AudioService.ScoClient.incCount(int)', 'void com.android.server.audio.AudioService.ScoClient.decCount()', 'void com.android.server.audio.AudioService.ScoClient.clearCount(boolean)', 'void com.android.server.audio.AudioService.ScoClient.decCount()', 'int com.android.server.audio.AudioService.ScoClient.totalCount()', 'boolean com.android.server.audio.AudioService.ScoClient.requestScoState(int,int)', 'void com.android.server.audio.AudioService.checkScoAudioState()', 'boolean com.android.server.audio.AudioService.handleBtScoActiveDeviceChange(BluetoothDevice,boolean)', 'void com.android.server.audio.AudioService.disconnectBluetoothSco(int)', 'void com.android.server.audio.AudioService.disconnectA2dpSink()', 'void com.android.server.audio.AudioService.onConfigureSafeVolume(boolean,String)', 'void com.android.server.audio.AudioService.clearAllScoClients(int,boolean)', 'boolean com.android.server.audio.AudioService.getBluetoothHeadset()', 'boolean com.android.server.audio.AudioService.connectBluetoothScoAudioHelper(BluetoothHeadset,BluetoothDevice,int)', 'int com.android.server.audio.AudioService.getSafeUsbMediaVolumeIndex()', 'void com.android.server.audio.AudioService.setBtScoActiveDevice(BluetoothDevice)', 'void com.android.server.audio.AudioService.resetBluetoothSco()', 'void com.android.server.audio.AudioService.saveMusicActiveMs()', 'boolean com.android.server.audio.AudioService.disconnectBluetoothScoAudioHelper(BluetoothHeadset,BluetoothDevice,int)', 'void com.android.server.audio.AudioService.broadcastScoConnectionState(int)', 'void com.android.server.audio.AudioService.disconnectHeadset()', 'void com.android.server.audio.AudioService.disconnectAllBluetoothProfiles()', 'void com.android.server.audio.AudioService.onCheckMusicActive(String)', 'void com.android.server.audio.AudioService.disconnectA2dp()', 'void com.android.server.audio.AudioService.onBroadcastScoConnectionState(int)', 'void com.android.server.audio.AudioService.disconnectHearingAid()', 'void com.android.server.audio.AudioService.AudioHandler.handleMessage(Message)', 'boolean com.android.server.audio.AudioService.handleDeviceConnection(boolean,int,String,String)', 'int com.android.server.audio.AudioService.checkSendBecomingNoisyIntent(int,int,int)', 'void com.android.server.audio.AudioService.AudioServiceBroadcastReceiver.onReceive(Context,Intent)']",1070,19,"[(991, 1008, 18), (1630, 1630, 1), (2964, 2967, 4), (3024, 3025, 2), (3399, 3416, 18), (3421, 3423, 3), (3433, 3441, 9), (3449, 3508, 60), (3513, 3515, 3), (3546, 3547, 2), (3555, 3560, 6), (3619, 3663, 45), (3666, 3686, 21), (3703, 3839, 137), (3845, 3855, 11), (3874, 4385, 512), (5978, 6025, 48), (6610, 6706, 97), (7038, 7110, 73)]",True
98,567b4cf7b54062947b5eabe6ecef7b70fbb7301b,core/java/android/bluetooth/BluetoothAdapter.java,"['boolean android.bluetooth.BluetoothAdapter.getProfileProxy(Context,ServiceListener,int)']",5,1,"[(2514, 2518, 5)]",True
99,567b4cf7b54062947b5eabe6ecef7b70fbb7301b,core/java/android/provider/Settings.java,[],11,1,"[(5870, 5880, 11)]",True
101,567b4cf7b54062947b5eabe6ecef7b70fbb7301b,services/core/java/com/android/server/LocationManagerService.java,['void com.android.server.LocationManagerService.initializeProvidersLocked()'],5,1,"[(742, 746, 5)]",True
102,567b4cf7b54062947b5eabe6ecef7b70fbb7301b,services/core/java/com/android/server/am/ActivityManagerConstants.java,[],2,1,"[(25, 26, 2)]",True
103,88b45c586d461df38b866d529bc98d1dfa3e8838,media/java/android/media/MediaCodecInfo.java,[],5,1,"[(2917, 2921, 5)]",True
104,88b45c586d461df38b866d529bc98d1dfa3e8838,services/core/java/com/android/server/ConnectivityService.java,[],1,1,"[(449, 449, 1)]",True
105,88b45c586d461df38b866d529bc98d1dfa3e8838,services/core/java/com/android/server/location/GnssLocationProvider.java,[],6,1,"[(416, 421, 6)]",True
106,88b45c586d461df38b866d529bc98d1dfa3e8838,telephony/java/android/telephony/ims/ImsCallSession.java,"['void android.telephony.ims.ImsCallSession.Listener.callSessionPropertyChanged(int)', 'void android.telephony.ims.ImsCallSession.IImsCallSessionListenerProxy.callSessionPropertyChanged(int)']",15,2,"[(448, 453, 6), (1412, 1420, 9)]",True
107,88b45c586d461df38b866d529bc98d1dfa3e8838,services/core/java/com/android/server/LocationManagerService.java,"['void com.android.server.LocationManagerService.loadProvidersLocked()', 'void com.android.server.LocationManagerService.LocationWorkerHandler.handleMessage(Message)', 'Location com.android.server.LocationManagerService.screenLocationLocked(Location,String)', 'boolean com.android.server.LocationManagerService.isMockProvider(String)', 'void com.android.server.LocationManagerService.handleLocationChanged(Location,boolean)', 'void com.android.server.LocationManagerService.LocationWorkerHandler.<init>(Looper)']",171,2,"[(697, 722, 26), (3242, 3386, 145)]",True
109,88b45c586d461df38b866d529bc98d1dfa3e8838,telephony/java/android/telephony/ims/compat/stub/ImsCallSessionImplBase.java,['void android.telephony.ims.compat.stub.ImsCallSessionImplBase.ImsCallSessionListenerConverter.callSessionPropertyChanged(int)'],2,1,"[(596, 597, 2)]",True
110,88b45c586d461df38b866d529bc98d1dfa3e8838,telecomm/java/android/telecom/Connection.java,[],12,2,"[(522, 527, 6), (645, 650, 6)]",True
111,88b45c586d461df38b866d529bc98d1dfa3e8838,services/core/java/com/android/server/am/ActivityManagerService.java,"['boolean com.android.server.am.ActivityManagerService.applyOomAdjLocked(ProcessRecord,boolean,long,long)', 'void com.android.server.am.ActivityManagerService.updateOomAdjLocked()']",711,4,"[(81, 82, 2), (545, 548, 4), (17066, 17350, 285), (17831, 18250, 420)]",True
112,88b45c586d461df38b866d529bc98d1dfa3e8838,services/net/java/android/net/ip/IpClient.java,"['boolean android.net.ip.IpClient.ProvisioningConfiguration.isValid()', 'boolean android.net.ip.IpClient.InitialConfiguration.isProvisionedBy(List<LinkAddress>,List<RouteInfo>)', 'void android.net.ip.IpClient.ProvisioningConfiguration.<init>(ProvisioningConfiguration)', 'boolean android.net.ip.IpClient.InitialConfiguration.isPrefixLengthCompliant(IpPrefix)', 'boolean android.net.ip.IpClient.InitialConfiguration.isIPv6DefaultRoute(IpPrefix)', 'boolean android.net.ip.IpClient.InitialConfiguration.isIPv6GUA(LinkAddress)', 'InitialConfiguration android.net.ip.IpClient.InitialConfiguration.copy(InitialConfiguration)', 'void android.net.ip.IpClient.ProvisioningConfiguration.<init>()', 'boolean android.net.ip.IpClient.InitialConfiguration.isDirectlyConnectedRoute(RouteInfo,IpPrefix)', 'boolean android.net.ip.IpClient.InitialConfiguration.isPrefixLengthCompliant(LinkAddress)', 'boolean android.net.ip.IpClient.InitialConfiguration.isValid()', 'String android.net.ip.IpClient.ProvisioningConfiguration.toString()', 'boolean android.net.ip.IpClient.InitialConfiguration.isCompliantIPv6PrefixLength(int)', 'String android.net.ip.IpClient.InitialConfiguration.toString()']",179,1,"[(419, 597, 179)]",True
113,88b45c586d461df38b866d529bc98d1dfa3e8838,telephony/java/android/telephony/ims/ImsCallSessionListener.java,['void android.telephony.ims.ImsCallSessionListener.callSessionPropertyChanged(int)'],8,1,"[(604, 611, 8)]",True
114,88b45c586d461df38b866d529bc98d1dfa3e8838,core/java/android/bluetooth/BluetoothAdapter.java,"['void android.bluetooth.BluetoothAdapter.closeProfileProxy(int,BluetoothProfile)']",8,1,"[(2567, 2574, 8)]",True
115,88b45c586d461df38b866d529bc98d1dfa3e8838,services/core/java/com/android/server/connectivity/NetworkAgentInfo.java,['void com.android.server.connectivity.NetworkAgentInfo.updateClat(INetworkManagementService)'],8,2,"[(19, 22, 4), (579, 582, 4)]",True
116,88b45c586d461df38b866d529bc98d1dfa3e8838,wifi/java/android/net/wifi/WifiConfiguration.java,[],15,2,"[(153, 166, 14), (172, 172, 1)]",True
117,657230bb5e95ec8560c534360cac5a25fd743129,services/core/java/com/android/server/ConnectivityService.java,[],0,1,"[(0, 0, 0)]",True
118,657230bb5e95ec8560c534360cac5a25fd743129,packages/SystemUI/src/com/android/keyguard/KeyguardUpdateMonitor.java,[],1,1,"[(156, 156, 1)]",True
119,657230bb5e95ec8560c534360cac5a25fd743129,packages/SystemUI/src/com/android/systemui/statusbar/policy/TelephonyIcons.java,[],67,2,"[(38, 40, 3), (219, 282, 64)]",True
121,657230bb5e95ec8560c534360cac5a25fd743129,packages/SystemUI/src/com/android/keyguard/KeyguardSimPinView.java,[],12,1,"[(70, 81, 12)]",True
122,657230bb5e95ec8560c534360cac5a25fd743129,services/core/java/com/android/server/LocationManagerService.java,"['void com.android.server.LocationManagerService.handleLocationChanged(Location,boolean)']",10,1,"[(3232, 3241, 10)]",True
124,657230bb5e95ec8560c534360cac5a25fd743129,services/core/java/com/android/server/pm/PackageVerificationState.java,"['boolean com.android.server.pm.PackageVerificationState.isVerificationComplete()', 'boolean com.android.server.pm.PackageVerificationState.isInstallAllowed()']",12,2,"[(146, 151, 6), (168, 173, 6)]",True
125,657230bb5e95ec8560c534360cac5a25fd743129,packages/SystemUI/src/com/android/systemui/statusbar/policy/WifiSignalController.java,"['void com.android.systemui.statusbar.policy.WifiSignalController.<init>(Context,boolean,CallbackHandler,NetworkControllerImpl,WifiManager)']",2,1,"[(56, 57, 2)]",True
126,657230bb5e95ec8560c534360cac5a25fd743129,packages/SystemUI/src/com/android/systemui/statusbar/policy/HotspotControllerImpl.java,['void com.android.systemui.statusbar.policy.HotspotControllerImpl.updateWifiStateListeners(boolean)'],3,1,"[(116, 118, 3)]",True
127,657230bb5e95ec8560c534360cac5a25fd743129,telecomm/java/android/telecom/Connection.java,[],6,1,"[(640, 645, 6)]",True
128,657230bb5e95ec8560c534360cac5a25fd743129,services/core/java/com/android/server/BluetoothManagerService.java,[],1,1,"[(16, 16, 1)]",True
129,657230bb5e95ec8560c534360cac5a25fd743129,packages/SystemUI/src/com/android/systemui/statusbar/policy/MobileSignalController.java,['void com.android.systemui.statusbar.policy.MobileSignalController.updateTelephony()'],22,2,"[(28, 30, 3), (591, 609, 19)]",True
131,657230bb5e95ec8560c534360cac5a25fd743129,packages/SettingsLib/src/com/android/settingslib/wifi/WifiTracker.java,[],0,1,"[(0, 0, 0)]",True
132,657230bb5e95ec8560c534360cac5a25fd743129,packages/SystemUI/src/com/android/systemui/statusbar/policy/NetworkControllerImpl.java,['Config com.android.systemui.statusbar.policy.NetworkControllerImpl.Config.readConfig(Context)'],3,1,"[(1073, 1075, 3)]",True
133,587cb520382d349c91bd59ada23fbefcdb44314f,packages/SystemUI/src/com/android/systemui/qs/QSPanel.java,['void com.android.systemui.qs.QSPanel.updateResources()'],4,1,"[(288, 291, 4)]",True
134,587cb520382d349c91bd59ada23fbefcdb44314f,services/core/java/com/android/server/am/ActivityManagerService.java,"['void com.android.server.am.ActivityManagerService.handleAppDiedLocked(ProcessRecord,boolean,boolean)']",1,1,"[(5998, 5998, 1)]",True
136,8d21ad0d966c1e9f96e5a65144efad2582391957,services/core/java/com/android/server/connectivity/Tethering.java,[],2,1,"[(43, 44, 2)]",True
137,8d21ad0d966c1e9f96e5a65144efad2582391957,wifi/java/android/net/wifi/p2p/WifiP2pManager.java,[],5,1,"[(506, 510, 5)]",True
138,8d21ad0d966c1e9f96e5a65144efad2582391957,services/core/java/com/android/server/ConnectivityService.java,['void com.android.server.ConnectivityService.updateTcpBufferSizes(NetworkAgentInfo)'],10,1,"[(2083, 2092, 10)]",True
143,8d21ad0d966c1e9f96e5a65144efad2582391957,services/core/java/com/android/server/policy/PhoneWindowManager.java,"['void com.android.server.policy.PhoneWindowManager.init(Context,IWindowManager,WindowManagerFuncs)', 'void com.android.server.policy.PhoneWindowManager.requestTransientBars(WindowState)']",232,6,"[(23, 27, 5), (228, 229, 2), (405, 427, 23), (823, 843, 21), (2152, 2275, 124), (6585, 6641, 57)]",True
144,8d21ad0d966c1e9f96e5a65144efad2582391957,packages/SettingsLib/src/com/android/settingslib/wifi/AccessPoint.java,[],1,1,"[(167, 167, 1)]",True
146,8d21ad0d966c1e9f96e5a65144efad2582391957,core/java/android/service/carrier/CarrierIdentifier.java,"['void android.service.carrier.CarrierIdentifier.<init>(String,String,String,String,String,String,String)', 'void android.service.carrier.CarrierIdentifier.<init>(String,String,String,String,String,String)', 'String android.service.carrier.CarrierIdentifier.getIccid()', 'int android.service.carrier.CarrierIdentifier.hashCode()', 'boolean android.service.carrier.CarrierIdentifier.equals(Object)', 'void android.service.carrier.CarrierIdentifier.writeToParcel(Parcel,int)', 'String android.service.carrier.CarrierIdentifier.toString()', 'void android.service.carrier.CarrierIdentifier.readFromParcel(Parcel)']",38,7,"[(52, 52, 1), (62, 69, 8), (138, 142, 5), (161, 174, 14), (190, 190, 1), (196, 203, 8), (214, 214, 1)]",True
147,b76115be4efabffaa6febc57cec47acc2f933c79,media/java/android/media/AudioFormat.java,"['boolean android.media.AudioFormat.isValidEncoding(int)', 'boolean android.media.AudioFormat.isEncodingLinearPcm(int)', 'boolean android.media.AudioFormat.isValidEncoding(int)']",65,4,"[(560, 584, 25), (619, 646, 28), (576, 581, 6), (1135, 1140, 6)]",True
148,b76115be4efabffaa6febc57cec47acc2f933c79,packages/SettingsLib/src/com/android/settingslib/bluetooth/CachedBluetoothDevice.java,[],1,1,"[(32, 32, 1)]",True
150,b76115be4efabffaa6febc57cec47acc2f933c79,services/core/java/com/android/server/location/GnssLocationProvider.java,['void com.android.server.location.GnssLocationProvider.handleUpdateNetworkState(Network)'],75,1,"[(880, 954, 75)]",True
153,b76115be4efabffaa6febc57cec47acc2f933c79,packages/SettingsLib/src/com/android/settingslib/wifi/AccessPointPreference.java,['void com.android.settingslib.wifi.AccessPointPreference.bindFrictionImage(ImageView)'],5,1,"[(211, 215, 5)]",True
155,b76115be4efabffaa6febc57cec47acc2f933c79,telephony/java/android/telephony/DisconnectCause.java,['String android.telephony.DisconnectCause.toString(int)'],111,2,"[(345, 391, 47), (593, 656, 64)]",True
156,b76115be4efabffaa6febc57cec47acc2f933c79,core/java/android/app/Instrumentation.java,"['ActivityResult android.app.Instrumentation.execStartActivityAsCaller(Context,IBinder,IBinder,Activity,Intent,int,Bundle,boolean,int)']",3,1,"[(1910, 1912, 3)]",True
157,b76115be4efabffaa6febc57cec47acc2f933c79,wifi/java/android/net/wifi/p2p/WifiP2pManager.java,[],6,1,"[(484, 489, 6)]",True
158,b76115be4efabffaa6febc57cec47acc2f933c79,packages/SystemUI/src/com/android/systemui/statusbar/phone/StatusBarIconList.java,[],1,1,"[(21, 21, 1)]",True
159,b76115be4efabffaa6febc57cec47acc2f933c79,core/java/android/provider/Settings.java,[],6,2,"[(8272, 8274, 3), (8430, 8432, 3)]",True
160,b76115be4efabffaa6febc57cec47acc2f933c79,services/core/java/com/android/server/am/ActivityManagerService.java,['void com.android.server.am.ActivityManagerService.updateOomAdjLocked()'],8,1,"[(17342, 17349, 8)]",True
161,b76115be4efabffaa6febc57cec47acc2f933c79,services/core/java/com/android/server/am/ActiveServices.java,"['boolean com.android.server.am.ActiveServices.scheduleServiceRestartLocked(ServiceRecord,boolean)']",10,1,"[(2273, 2282, 10)]",True
162,b76115be4efabffaa6febc57cec47acc2f933c79,packages/SystemUI/src/com/android/systemui/statusbar/policy/MobileSignalController.java,[],3,1,"[(46, 48, 3)]",True
163,b76115be4efabffaa6febc57cec47acc2f933c79,services/core/java/com/android/server/wm/WindowManagerService.java,"['int com.android.server.wm.WindowManagerService.addWindow(Session,IWindow,int,LayoutParams,int,int,Rect,Rect,Rect,Rect,ParcelableWrapper,InputChannel)', 'float com.android.server.wm.WindowManagerService.getCurrentAnimatorScale()']",5,2,"[(1124, 1126, 3), (3135, 3136, 2)]",True
164,b76115be4efabffaa6febc57cec47acc2f933c79,wifi/java/android/net/wifi/WifiManager.java,"['int android.net.wifi.WifiManager.dppBootstrapRemove(int)', 'int android.net.wifi.WifiManager.dppConfiguratorAdd(String,String,int)', 'int android.net.wifi.WifiManager.dppListen(String,int,boolean,boolean)', 'int android.net.wifi.WifiManager.dppConfiguratorRemove(int)', 'void android.net.wifi.WifiManager.dppStopListen()', 'String android.net.wifi.WifiManager.dppGetUri(int)', 'int android.net.wifi.WifiManager.dppStartAuth(WifiDppConfig)', 'int android.net.wifi.WifiManager.dppAddBootstrapQrCode(String)', 'String android.net.wifi.WifiManager.dppConfiguratorGetKey(int)', 'int android.net.wifi.WifiManager.dppBootstrapGenerate(WifiDppConfig)', 'String android.net.wifi.WifiManager.getCapabilities(String)']",208,2,"[(910, 935, 26), (4012, 4193, 182)]",True
166,b76115be4efabffaa6febc57cec47acc2f933c79,packages/SettingsLib/src/com/android/settingslib/wifi/AccessPoint.java,"['String com.android.settingslib.wifi.AccessPoint.getSecurityString(boolean)', 'int com.android.settingslib.wifi.AccessPoint.getSecurity(WifiConfiguration)', 'String com.android.settingslib.wifi.AccessPoint.securityToString(int,int)']",14,4,"[(166, 166, 1), (813, 815, 3), (1393, 1398, 6), (1419, 1422, 4)]",True
167,b76115be4efabffaa6febc57cec47acc2f933c79,wifi/java/android/net/wifi/WifiConfiguration.java,"['String android.net.wifi.WifiConfiguration.toString()', 'int android.net.wifi.WifiConfiguration.getAuthType()', 'String android.net.wifi.WifiConfiguration.configKey(boolean)', 'void android.net.wifi.WifiConfiguration.<init>(WifiConfiguration)', 'void android.net.wifi.WifiConfiguration.writeToParcel(Parcel,int)']",97,18,"[(132, 162, 31), (167, 168, 2), (232, 238, 7), (248, 248, 1), (274, 276, 3), (282, 282, 1), (288, 291, 4), (296, 306, 11), (318, 327, 10), (109, 109, 1), (524, 529, 6), (1879, 1879, 1), (2059, 2060, 2), (2098, 2099, 2), (2318, 2322, 5), (2391, 2394, 4), (2434, 2435, 2), (2464, 2467, 4)]",True
169,b76115be4efabffaa6febc57cec47acc2f933c79,services/core/java/com/android/server/connectivity/Nat464Xlat.java,['boolean com.android.server.connectivity.Nat464Xlat.requiresClat(NetworkAgentInfo)'],9,1,"[(98, 106, 9)]",True
170,ba167de93776a7e5d1b347d1ee646e161cf24ce5,services/core/java/com/android/server/ConnectivityService.java,['void com.android.server.ConnectivityService.InternalHandler.handleMessage(Message)'],3,2,"[(426, 426, 1), (3206, 3207, 2)]",True
171,ba167de93776a7e5d1b347d1ee646e161cf24ce5,services/core/java/com/android/server/Watchdog.java,['void com.android.server.Watchdog.run()'],2,1,"[(602, 603, 2)]",True
172,ba167de93776a7e5d1b347d1ee646e161cf24ce5,services/core/java/com/android/server/am/ActivityStackSupervisor.java,"['void com.android.server.am.ActivityStackSupervisor.acquireAppLaunchPerfLock(ActivityRecord)', 'void com.android.server.am.ActivityStackSupervisor.acquireUxPerfLock(int,String)', 'boolean com.android.server.am.ActivityStackSupervisor.moveFocusableActivityToTop(ActivityRecord,String)']",67,1,"[(3379, 3445, 67)]",True
173,ba167de93776a7e5d1b347d1ee646e161cf24ce5,services/core/java/com/android/server/am/ActivityManagerService.java,"['ProcessStartResult com.android.server.am.ActivityManagerService.startProcess(String,String,ProcessRecord,int,int[],int,int,String,String,String,String,long)', 'String com.android.server.am.ActivityManagerService.isProcStartValidLocked(ProcessRecord,long)', 'boolean com.android.server.am.ActivityManagerService.handleProcessStartedLocked(ProcessRecord,ProcessStartResult,long)', 'boolean com.android.server.am.ActivityManagerService.handleProcessStartedLocked(ProcessRecord,int,boolean,long,boolean)', 'void com.android.server.am.ActivityManagerService.startProcessLocked(ProcessRecord,String,String)', 'boolean com.android.server.am.ActivityManagerService.startProcessLocked(ProcessRecord,String,String,boolean,String)', 'boolean com.android.server.am.ActivityManagerService.startProcessLocked(ProcessRecord,String,String,String)', 'boolean com.android.server.am.ActivityManagerService.startProcessLocked(String,String,String,ProcessRecord,int,int[],int,int,String,String,String,String,long)', 'boolean com.android.server.am.ActivityManagerService.applyOomAdjLocked(ProcessRecord,boolean,long,long)', 'void com.android.server.am.ActivityManagerService.updateOomAdjLocked()']",475,4,"[(1461, 1464, 4), (3302, 3729, 428), (18492, 18505, 14), (19140, 19168, 29)]",True
174,ba167de93776a7e5d1b347d1ee646e161cf24ce5,services/core/java/com/android/server/am/ActivityStarter.java,"['int com.android.server.am.ActivityStarter.startActivityUnchecked(ActivityRecord,ActivityRecord,IVoiceInteractionSession,IVoiceInteractor,int,boolean,ActivityOptions,TaskRecord,ActivityRecord[])']",7,1,"[(1484, 1490, 7)]",True
175,db8a16a19bc4c35bc8ba2ff9a3fd4341177e1e26,services/core/java/com/android/server/am/ActivityStack.java,"['boolean com.android.server.am.ActivityStack.resumeTopActivityInnerLocked(ActivityRecord,ActivityOptions)']",2,1,"[(2841, 2842, 2)]",True
176,db8a16a19bc4c35bc8ba2ff9a3fd4341177e1e26,services/accessibility/java/com/android/server/accessibility/UiAutomationManager.java,"['void com.android.server.accessibility.UiAutomationManager.destroyUiAutomationService()', 'void com.android.server.accessibility.UiAutomationManager.destroyUiAutomationService()']",2,2,"[(179, 179, 1), (190, 190, 1)]",True
177,db8a16a19bc4c35bc8ba2ff9a3fd4341177e1e26,packages/SystemUI/src/com/android/systemui/statusbar/phone/NavigationBarFragment.java,['void com.android.systemui.statusbar.phone.NavigationBarFragment.setCurrentSysuiVisibility(int)'],5,1,"[(644, 648, 5)]",True
178,ddcaa93e851eb5e57692799446f2ef3fe31436ae,services/core/java/com/android/server/ConnectivityService.java,"['void com.android.server.ConnectivityService.systemReady()', 'boolean com.android.server.ConnectivityService.isBestMobileMultiNetwork(NetworkAgentInfo,NetworkCapabilities,NetworkAgentInfo,NetworkCapabilities,NetworkCapabilities)', 'boolean com.android.server.ConnectivityService.satisfiesMobileNetworkDataCheck(NetworkCapabilities)', 'int com.android.server.ConnectivityService.getIntSpecifier(NetworkSpecifier)', 'boolean com.android.server.ConnectivityService.satisfiesMobileMultiNetworkDataCheck(NetworkCapabilities,NetworkCapabilities)', 'void com.android.server.ConnectivityService.handleUpdateTCPBuffersfor5G()', 'boolean com.android.server.ConnectivityService.isMobileNetwork(NetworkAgentInfo)']",68,2,"[(1812, 1813, 2), (5961, 6026, 66)]",True
179,ddcaa93e851eb5e57692799446f2ef3fe31436ae,services/core/java/com/android/server/am/ActivityRecord.java,"['void com.android.server.am.ActivityRecord.reportFullyDrawnLocked(boolean)', 'void com.android.server.am.ActivityRecord.reportLaunchTimeLocked(long)']",81,1,"[(2023, 2103, 81)]",True
180,ddcaa93e851eb5e57692799446f2ef3fe31436ae,services/core/java/com/android/server/am/ActivityStackSupervisor.java,"['void com.android.server.am.ActivityStackSupervisor.findTaskToMoveToFront(TaskRecord,int,ActivityOptions,String,boolean)']",11,1,"[(2374, 2384, 11)]",True
181,ddcaa93e851eb5e57692799446f2ef3fe31436ae,packages/SystemUI/src/com/android/systemui/statusbar/policy/HotspotControllerImpl.java,"['void com.android.systemui.statusbar.policy.HotspotControllerImpl.onNumClientsChanged(int)', 'void com.android.systemui.statusbar.policy.HotspotControllerImpl.onStaConnected(String,int)', 'void com.android.systemui.statusbar.policy.HotspotControllerImpl.onStaDisconnected(String,int)']",15,1,"[(190, 204, 15)]",True
182,ddcaa93e851eb5e57692799446f2ef3fe31436ae,packages/SettingsLib/src/com/android/settingslib/bluetooth/CachedBluetoothDevice.java,['BluetoothDevice com.android.settingslib.bluetooth.CachedBluetoothDevice.getTwsPeerDevice()'],17,2,"[(32, 34, 3), (110, 123, 14)]",True
183,ddcaa93e851eb5e57692799446f2ef3fe31436ae,packages/SettingsLib/src/com/android/settingslib/bluetooth/LocalBluetoothProfileManager.java,['void com.android.settingslib.bluetooth.LocalBluetoothProfileManager.updateLocalProfiles()'],6,2,"[(33, 33, 1), (216, 220, 5)]",True
184,ddcaa93e851eb5e57692799446f2ef3fe31436ae,services/core/java/com/android/server/wm/TaskTapPointerEventListener.java,"['void com.android.server.wm.TaskTapPointerEventListener.<init>(WindowManagerService,DisplayContent)']",3,1,"[(50, 52, 3)]",True
185,ddcaa93e851eb5e57692799446f2ef3fe31436ae,services/core/java/com/android/server/wm/WindowManagerService.java,[],1,1,"[(230, 230, 1)]",True
186,ddcaa93e851eb5e57692799446f2ef3fe31436ae,telephony/java/android/telephony/DisconnectCause.java,['String android.telephony.DisconnectCause.toString(int)'],64,1,"[(570, 633, 64)]",True
188,2edeff882ab756e76b3a028a1568d8774ddc0257,core/java/android/bluetooth/le/ScanRecord.java,[],4,2,"[(98, 100, 3), (99, 99, 1)]",True
190,2edeff882ab756e76b3a028a1568d8774ddc0257,services/net/java/android/net/dhcp/DhcpPacket.java,"['ByteBuffer android.net.dhcp.DhcpPacket.buildDiscoverPacket(int,int,short,byte[],boolean,byte[],boolean)', 'ByteBuffer android.net.dhcp.DhcpPacket.buildDiscoverPacket(int,int,short,byte[],boolean,byte[])']",8,1,"[(1202, 1209, 8)]",True
191,2edeff882ab756e76b3a028a1568d8774ddc0257,services/core/java/com/android/server/pm/PackageManagerService.java,[],2,1,"[(281, 282, 2)]",True
192,2edeff882ab756e76b3a028a1568d8774ddc0257,services/core/java/com/android/server/am/ActivityStackSupervisor.java,"['ActivityRecord com.android.server.am.ActivityStackSupervisor.findTaskLocked(ActivityRecord,int)', 'void com.android.server.am.ActivityStackSupervisor.acquireAppLaunchPerfLock(String)', 'ActivityRecord com.android.server.am.ActivityStackSupervisor.findTaskLocked(ActivityRecord,int)']",62,2,"[(3476, 3496, 21), (3499, 3539, 41)]",True
193,2edeff882ab756e76b3a028a1568d8774ddc0257,services/core/java/com/android/server/Watchdog.java,"['void com.android.server.Watchdog.run()', 'void com.android.server.Watchdog.run()']",6,2,"[(492, 493, 2), (517, 520, 4)]",True
194,2edeff882ab756e76b3a028a1568d8774ddc0257,media/java/android/media/MediaFile.java,['boolean android.media.MediaFile.isAudioFileType(int)'],200,3,"[(50, 142, 93), (216, 316, 101), (321, 326, 6)]",True
195,2edeff882ab756e76b3a028a1568d8774ddc0257,services/core/java/com/android/server/wm/ScreenRotationAnimation.java,[],2,1,"[(32, 33, 2)]",True
196,2edeff882ab756e76b3a028a1568d8774ddc0257,packages/SettingsLib/src/com/android/settingslib/bluetooth/BluetoothEventManager.java,[],1,1,"[(285, 285, 1)]",True
197,2edeff882ab756e76b3a028a1568d8774ddc0257,packages/SettingsLib/src/com/android/settingslib/bluetooth/CachedBluetoothDevice.java,['void com.android.settingslib.bluetooth.CachedBluetoothDevice.processPhonebookAccess()'],7,1,"[(945, 951, 7)]",True
198,2edeff882ab756e76b3a028a1568d8774ddc0257,core/java/android/provider/Settings.java,[],2,2,"[(8201, 8201, 1), (8355, 8355, 1)]",True
199,2edeff882ab756e76b3a028a1568d8774ddc0257,core/java/android/bluetooth/le/ScanFilter.java,"['boolean android.bluetooth.le.ScanFilter.matchesServiceSolicitationUuids(ParcelUuid,ParcelUuid,List<ParcelUuid>)']",7,5,"[(263, 263, 1), (263, 263, 1), (408, 410, 3), (263, 263, 1), (263, 263, 1)]",True
200,2edeff882ab756e76b3a028a1568d8774ddc0257,packages/SettingsLib/src/com/android/settingslib/bluetooth/LocalBluetoothProfileManager.java,[],3,1,"[(100, 102, 3)]",True
201,2edeff882ab756e76b3a028a1568d8774ddc0257,packages/SystemUI/src/com/android/systemui/statusbar/policy/MobileSignalController.java,['void com.android.systemui.statusbar.policy.MobileSignalController.updateTelephony()'],2,1,"[(514, 515, 2)]",True
202,2edeff882ab756e76b3a028a1568d8774ddc0257,wifi/java/android/net/wifi/WifiManager.java,"['String android.net.wifi.WifiManager.getCapabilities(String)', 'void android.net.wifi.WifiManager.dppStopListen()', 'int android.net.wifi.WifiManager.dppAddBootstrapQrCode(String)', 'String android.net.wifi.WifiManager.dppGetUri(int)', 'int android.net.wifi.WifiManager.dppBootstrapRemove(int)', 'int android.net.wifi.WifiManager.dppListen(String,int,boolean,boolean)', 'int android.net.wifi.WifiManager.dppBootstrapGenerate(WifiDppConfig)', 'String android.net.wifi.WifiManager.dppConfiguratorGetKey(int)', 'int android.net.wifi.WifiManager.dppConfiguratorRemove(int)', 'int android.net.wifi.WifiManager.dppConfiguratorAdd(String,String,int)', 'int android.net.wifi.WifiManager.dppStartAuth(WifiDppConfig)']",182,1,"[(3998, 4179, 182)]",True
207,1730c08a2fd38f0ff8135692a855ada865130939,services/core/java/com/android/server/ConnectivityService.java,"['boolean com.android.server.ConnectivityService.satisfiesMobileNetworkDataCheck(NetworkCapabilities)', 'boolean com.android.server.ConnectivityService.isMobileNetwork(NetworkAgentInfo)', 'int com.android.server.ConnectivityService.getIntSpecifier(NetworkSpecifier)', 'void com.android.server.ConnectivityService.handleUpdateTCPBuffersfor5G()', 'boolean com.android.server.ConnectivityService.satisfiesMobileMultiNetworkDataCheck(NetworkCapabilities,NetworkCapabilities)', 'boolean com.android.server.ConnectivityService.isBestMobileMultiNetwork(NetworkAgentInfo,NetworkCapabilities,NetworkAgentInfo,NetworkCapabilities,NetworkCapabilities)']",68,1,"[(5923, 5990, 68)]",True
208,1730c08a2fd38f0ff8135692a855ada865130939,services/core/java/com/android/server/pm/PackageManagerService.java,"['void com.android.server.pm.PackageManagerService.<init>(Context,Installer,boolean,boolean)', 'void com.android.server.pm.PackageManagerService.removeInstalledPackageLI(Package,boolean)', 'void com.android.server.pm.PackageManagerService.cleanPackageDataStructuresLILPw(Package,boolean)']",89,2,"[(2720, 2742, 23), (12264, 12329, 66)]",True
209,1730c08a2fd38f0ff8135692a855ada865130939,packages/SystemUI/src/com/android/keyguard/KeyguardUpdateMonitor.java,[],1,1,"[(153, 153, 1)]",True
210,1730c08a2fd38f0ff8135692a855ada865130939,packages/SettingsLib/src/com/android/settingslib/bluetooth/BluetoothEventManager.java,"['void com.android.settingslib.bluetooth.BluetoothEventManager.addHandler(String,Handler)']",6,1,"[(212, 217, 6)]",True
211,1730c08a2fd38f0ff8135692a855ada865130939,core/java/android/provider/Settings.java,[],2,2,"[(8201, 8201, 1), (8355, 8355, 1)]",True
212,1730c08a2fd38f0ff8135692a855ada865130939,services/core/java/com/android/server/am/ActivityManagerService.java,[],2,1,"[(302, 303, 2)]",True
213,1730c08a2fd38f0ff8135692a855ada865130939,packages/SystemUI/src/com/android/systemui/statusbar/phone/PanelView.java,[],3,1,"[(50, 52, 3)]",True
214,1730c08a2fd38f0ff8135692a855ada865130939,packages/SettingsLib/src/com/android/settingslib/bluetooth/LocalBluetoothProfileManager.java,['void com.android.settingslib.bluetooth.LocalBluetoothProfileManager.updateLocalProfiles()'],7,2,"[(100, 100, 1), (222, 227, 6)]",True
215,1730c08a2fd38f0ff8135692a855ada865130939,core/java/android/nfc/cardemulation/ApduServiceInfo.java,[],3,3,"[(62, 62, 1), (78, 78, 1), (84, 84, 1)]",True
216,1730c08a2fd38f0ff8135692a855ada865130939,core/java/android/bluetooth/BluetoothCodecConfig.java,[],3,1,"[(47, 49, 3)]",True
217,1730c08a2fd38f0ff8135692a855ada865130939,services/core/java/com/android/server/wm/WindowManagerService.java,"['void com.android.server.wm.WindowManagerService.startFreezingDisplayLocked(int,int,DisplayContent)']",7,2,"[(230, 230, 1), (5778, 5783, 6)]",True
218,1730c08a2fd38f0ff8135692a855ada865130939,services/core/java/com/android/server/policy/PhoneWindowManager.java,"['void com.android.server.policy.PhoneWindowManager.init(Context,IWindowManager,WindowManagerFuncs)']",5,1,"[(2110, 2114, 5)]",True
219,1730c08a2fd38f0ff8135692a855ada865130939,wifi/java/android/net/wifi/WifiManager.java,"['String android.net.wifi.WifiManager.getCapabilities(String)', 'void android.net.wifi.WifiManager.dppStopListen()', 'int android.net.wifi.WifiManager.dppAddBootstrapQrCode(String)', 'String android.net.wifi.WifiManager.dppGetUri(int)', 'int android.net.wifi.WifiManager.dppBootstrapRemove(int)', 'int android.net.wifi.WifiManager.dppListen(String,int,boolean,boolean)', 'int android.net.wifi.WifiManager.dppBootstrapGenerate(WifiDppConfig)', 'String android.net.wifi.WifiManager.dppConfiguratorGetKey(int)', 'int android.net.wifi.WifiManager.dppConfiguratorRemove(int)', 'int android.net.wifi.WifiManager.dppConfiguratorAdd(String,String,int)', 'int android.net.wifi.WifiManager.dppStartAuth(WifiDppConfig)']",185,1,"[(3996, 4180, 185)]",True
220,1730c08a2fd38f0ff8135692a855ada865130939,core/java/android/nfc/cardemulation/AidGroup.java,[],5,1,"[(53, 57, 5)]",True
221,1730c08a2fd38f0ff8135692a855ada865130939,packages/SystemUI/src/com/android/systemui/statusbar/policy/WifiSignalController.java,"['void com.android.systemui.statusbar.policy.WifiSignalController.<init>(Context,boolean,CallbackHandler,NetworkControllerImpl,WifiManager)']",3,1,"[(56, 58, 3)]",True
222,1581c348fc5d6cbf1673b3dbc5960637f891d488,services/core/java/com/android/server/ConnectivityService.java,"['boolean com.android.server.ConnectivityService.satisfiesMobileMultiNetworkDataCheck(NetworkCapabilities,NetworkCapabilities)', 'boolean com.android.server.ConnectivityService.isMobileNetwork(NetworkAgentInfo)', 'boolean com.android.server.ConnectivityService.isBestMobileMultiNetwork(NetworkAgentInfo,NetworkCapabilities,NetworkAgentInfo,NetworkCapabilities,NetworkCapabilities)', 'int com.android.server.ConnectivityService.getIntSpecifier(NetworkSpecifier)', 'void com.android.server.ConnectivityService.handleUpdateTCPBuffersfor5G()', 'boolean com.android.server.ConnectivityService.satisfiesMobileNetworkDataCheck(NetworkCapabilities)']",69,1,"[(6040, 6108, 69)]",True
223,1581c348fc5d6cbf1673b3dbc5960637f891d488,services/core/java/com/android/server/audio/AudioService.java,['void com.android.server.audio.AudioService.setBluetoothScoOn(boolean)'],10,1,"[(3265, 3274, 10)]",True
224,1581c348fc5d6cbf1673b3dbc5960637f891d488,packages/SettingsLib/src/com/android/settingslib/bluetooth/CachedBluetoothDevice.java,['boolean com.android.settingslib.bluetooth.CachedBluetoothDevice.isA2dpDevice()'],6,2,"[(32, 33, 2), (1228, 1231, 4)]",True
228,1581c348fc5d6cbf1673b3dbc5960637f891d488,telephony/java/android/telephony/ims/feature/MmTelFeature.java,[],2,1,"[(37, 38, 2)]",True
230,1581c348fc5d6cbf1673b3dbc5960637f891d488,packages/SystemUI/src/com/android/systemui/statusbar/StatusBarMobileView.java,['void com.android.systemui.statusbar.StatusBarMobileView.updateState(MobileIconState)'],1,1,"[(216, 216, 1)]",True
231,1581c348fc5d6cbf1673b3dbc5960637f891d488,services/core/java/com/android/server/StorageManagerService.java,[],4,1,"[(128, 131, 4)]",True
233,1581c348fc5d6cbf1673b3dbc5960637f891d488,services/core/java/com/android/server/Watchdog.java,[],1,1,"[(52, 52, 1)]",True
234,1581c348fc5d6cbf1673b3dbc5960637f891d488,core/java/android/provider/Settings.java,[],2,2,"[(8050, 8050, 1), (8199, 8199, 1)]",True
235,1581c348fc5d6cbf1673b3dbc5960637f891d488,services/core/java/com/android/server/am/ActivityManagerService.java,"['int com.android.server.am.ActivityManagerService.startActivityAsCaller(IApplicationThread,String,Intent,String,IBinder,String,int,int,ProfilerInfo,Bundle,boolean,int)', 'WaitResult com.android.server.am.ActivityManagerService.startActivityAndWait(IApplicationThread,String,Intent,String,IBinder,String,int,int,ProfilerInfo,Bundle,int)', 'int com.android.server.am.ActivityManagerService.startActivityAsUserEmpty(IApplicationThread,String,Intent,String,IBinder,String,int,int,ProfilerInfo,Bundle,int)', 'int com.android.server.am.ActivityManagerService.startActivityWithConfig(IApplicationThread,String,Intent,String,IBinder,String,int,int,Configuration,Bundle,int)', 'int com.android.server.am.ActivityManagerService.startActivityAsUser(IApplicationThread,String,Intent,String,IBinder,String,int,int,ProfilerInfo,Bundle,int,boolean)', 'int com.android.server.am.ActivityManagerService.startActivityAsUser(IApplicationThread,String,Intent,String,IBinder,String,int,int,ProfilerInfo,Bundle,int)', 'SleepToken com.android.server.am.ActivityManagerService.acquireSleepToken(String,int)', 'boolean com.android.server.am.ActivityManagerService.applyOomAdjLocked(ProcessRecord,boolean,long,long)']",228,5,"[(316, 318, 3), (414, 416, 3), (5169, 5367, 199), (16164, 16180, 17), (24608, 24613, 6)]",True
236,1581c348fc5d6cbf1673b3dbc5960637f891d488,services/core/java/com/android/server/am/ActiveServices.java,"['void com.android.server.am.ActiveServices.realStartServiceLocked(ServiceRecord,ProcessRecord,boolean)']",6,1,"[(2547, 2552, 6)]",True
237,1581c348fc5d6cbf1673b3dbc5960637f891d488,services/core/java/com/android/server/NetworkTimeUpdateService.java,"['void com.android.server.NetworkTimeUpdateService.updateSystemClock(int)', 'void com.android.server.NetworkTimeUpdateService.onPollNetworkTime(int)', 'void com.android.server.NetworkTimeUpdateService.MyHandler.handleMessage(Message)', 'void com.android.server.NetworkTimeUpdateService.systemRunning()', 'void com.android.server.NetworkTimeUpdateService.registerForTelephonyIntents()', 'long com.android.server.NetworkTimeUpdateService.getNitzAge()', 'void com.android.server.NetworkTimeUpdateService.onPollNetworkTimeUnderWakeLock(int)', 'boolean com.android.server.NetworkTimeUpdateService.isAutomaticTimeRequested()', 'void com.android.server.NetworkTimeUpdateService.registerForAlarms()', 'void com.android.server.NetworkTimeUpdateService.NetworkTimeUpdateCallback.onAvailable(Network)', 'void com.android.server.NetworkTimeUpdateService.SettingsObserver.<init>(Handler,int)', 'void com.android.server.NetworkTimeUpdateService.MyHandler.<init>(Looper)', 'void com.android.server.NetworkTimeUpdateService.resetAlarm(long)', 'void com.android.server.NetworkTimeUpdateService.SettingsObserver.onChange(boolean)', 'void com.android.server.NetworkTimeUpdateService.dump(FileDescriptor,PrintWriter,String[])', 'void com.android.server.NetworkTimeUpdateService.SettingsObserver.observe(Context)', 'void com.android.server.NetworkTimeUpdateService.NetworkTimeUpdateCallback.onLost(Network)']",205,1,"[(124, 328, 205)]",True
238,1581c348fc5d6cbf1673b3dbc5960637f891d488,services/core/java/com/android/server/am/ActivityStack.java,"['void com.android.server.am.ActivityStack.completePauseLocked(boolean,ActivityRecord)']",2,2,"[(1666, 1667, 2), (0, 0, 0)]",True
241,cd70ac0d6e3051aa7853827186e0e36ee97a1f7f,services/core/java/com/android/server/am/ActivityRecord.java,['Void com.android.server.am.ActivityRecord.PreferredAppsTask.doInBackground(Void)'],21,1,"[(793, 813, 21)]",True
242,645ae5df5346c679626d708a62c0a24d6b294f1a,core/java/android/view/Choreographer.java,"['void android.view.Choreographer.setMotionEventInfo(int,int)']",7,1,"[(276, 282, 7)]",True
243,b0fb644c3eaa60930300e3689e6652de7c21d4f7,services/core/java/com/android/server/audio/AudioService.java,"['boolean com.android.server.audio.AudioService.handleBtScoActiveDeviceChange(BluetoothDevice,boolean)']",31,1,"[(3679, 3709, 31)]",True
244,b0fb644c3eaa60930300e3689e6652de7c21d4f7,services/core/java/com/android/server/am/ActivityRecord.java,['void com.android.server.am.ActivityRecord.reportLaunchTimeLocked(long)'],5,1,"[(2059, 2063, 5)]",True
245,59a28bc92ad55fd0c19ce28047f205978aed52ca,services/core/java/com/android/server/am/ActivityManagerService.java,"['void com.android.server.am.ActivityManagerService.networkOptsCheck(int,String)', 'void com.android.server.am.ActivityManagerService.updateOomAdjLocked()']",5,2,"[(3512, 3513, 2), (25070, 25072, 3)]",True
246,a9808279aa66eb64ea573100d13cf753bf293a4c,packages/SettingsLib/src/com/android/settingslib/bluetooth/LocalBluetoothProfileManager.java,"['void com.android.settingslib.bluetooth.LocalBluetoothProfileManager.<init>(Context,LocalBluetoothAdapter,CachedBluetoothDeviceManager,BluetoothEventManager)']",8,1,"[(164, 171, 8)]",True
248,1452baeffa18c2760dac56bee26c20fa12a499a3,services/core/java/com/android/server/connectivity/tethering/TetheringConfiguration.java,"['void com.android.server.connectivity.tethering.TetheringConfiguration.<init>(Context,SharedLog)']",13,2,"[(28, 29, 2), (91, 101, 11)]",True
249,1452baeffa18c2760dac56bee26c20fa12a499a3,services/core/java/com/android/server/ConnectivityService.java,"['int com.android.server.ConnectivityService.getIntSpecifier(NetworkSpecifier)', 'boolean com.android.server.ConnectivityService.isMobileNetwork(NetworkAgentInfo)', 'boolean com.android.server.ConnectivityService.isBestMobileMultiNetwork(NetworkAgentInfo,NetworkCapabilities,NetworkAgentInfo,NetworkCapabilities,NetworkCapabilities)', 'boolean com.android.server.ConnectivityService.satisfiesMobileNetworkDataCheck(NetworkCapabilities)', 'boolean com.android.server.ConnectivityService.satisfiesMobileMultiNetworkDataCheck(NetworkCapabilities,NetworkCapabilities)']",59,1,"[(5941, 5999, 59)]",True
251,8230fd25f1574aae5dc439f81b97342e9968e199,services/core/java/com/android/server/connectivity/Tethering.java,"['void com.android.server.connectivity.Tethering.<init>(Context,INetworkManagementService,INetworkStatsService,INetworkPolicyManager,Looper,MockableSystemProperties,TetheringDependencies)', 'void com.android.server.connectivity.Tethering.interfaceStatusChanged(String,boolean)', 'int com.android.server.connectivity.Tethering.ifaceNameToType(String)', 'void com.android.server.connectivity.Tethering.TetherMasterSM.<init>(String,Looper)', 'void com.android.server.connectivity.Tethering.TetherMasterSM.setUpstreamNetwork(NetworkState)', 'void com.android.server.connectivity.Tethering.maybeTrackNewInterfaceLocked(String,int)']",22,6,"[(212, 215, 4), (300, 301, 2), (323, 327, 5), (1274, 1275, 2), (1380, 1387, 8), (2014, 2014, 1)]",True
252,8230fd25f1574aae5dc439f81b97342e9968e199,services/core/java/com/android/server/connectivity/tethering/TetherInterfaceStateMachine.java,['boolean com.android.server.connectivity.tethering.TetherInterfaceStateMachine.TetheredState.processMessage(Message)'],11,1,"[(719, 729, 11)]",True
254,2e25c298c5c5a069e5525397e99952d4d7f01b8b,services/core/java/com/android/server/audio/AudioService.java,"['void com.android.server.audio.AudioService.adjustSuggestedStreamVolume(int,int,int,String,String,int)']",4,1,"[(1422, 1425, 4)]",True
255,4f3815fffae8119b8607fe1e7ec8f00b095962ea,services/core/java/com/android/server/am/ActivityManagerService.java,[],2,1,"[(395, 396, 2)]",True
257,4646ace2d5aecc79f895d6273c928602852d7f12,packages/SettingsProvider/src/com/android/providers/settings/DatabaseHelper.java,['void com.android.providers.settings.DatabaseHelper.loadGlobalSettings(SQLiteDatabase)'],2,1,"[(2604, 2605, 2)]",True
258,4646ace2d5aecc79f895d6273c928602852d7f12,packages/SystemUI/src/com/android/systemui/statusbar/phone/PanelView.java,[],2,1,"[(54, 55, 2)]",True
259,4646ace2d5aecc79f895d6273c928602852d7f12,packages/SystemUI/src/com/android/systemui/statusbar/SignalClusterView.java,"['void com.android.systemui.statusbar.SignalClusterView.PhoneState.setViews(ViewGroup)', 'boolean com.android.systemui.statusbar.SignalClusterView.PhoneState.apply(boolean)', 'boolean com.android.systemui.statusbar.SignalClusterView.PhoneState.apply(boolean)']",18,3,"[(672, 681, 10), (687, 693, 7), (737, 737, 1)]",True
260,4646ace2d5aecc79f895d6273c928602852d7f12,packages/SystemUI/src/com/android/systemui/statusbar/phone/KeyguardBottomAreaView.java,['void com.android.systemui.statusbar.phone.KeyguardBottomAreaView.updateEmergencyButton()'],4,1,"[(921, 924, 4)]",True
261,595572aed3270fda20949d9c19381969d40ecfd4,packages/SystemUI/src/com/android/systemui/statusbar/policy/TelephonyIcons.java,"['void com.android.systemui.statusbar.policy.TelephonyIcons.updateDataType(int,int,boolean,boolean,boolean,int)', 'int com.android.systemui.statusbar.policy.TelephonyIcons.convertMobileStrengthIcon(int)', 'int com.android.systemui.statusbar.policy.TelephonyIcons.getDataTypeDesc(int)', 'int com.android.systemui.statusbar.policy.TelephonyIcons.getQSDataTypeIcon(int)', 'void com.android.systemui.statusbar.policy.TelephonyIcons.initStacked2SingleIconLookup()', 'int com.android.systemui.statusbar.policy.TelephonyIcons.getDataTypeIcon(int)', 'int com.android.systemui.statusbar.policy.TelephonyIcons.getStackedVoiceIcon(int)', 'int com.android.systemui.statusbar.policy.TelephonyIcons.getSignalStrengthIcon(int,int,int,boolean)', 'void com.android.systemui.statusbar.policy.TelephonyIcons.log(String,String)', 'int[] com.android.systemui.statusbar.policy.TelephonyIcons.getSignalStrengthDes(int)', 'void com.android.systemui.statusbar.policy.TelephonyIcons.readIconsFromXml(Context)', 'int com.android.systemui.statusbar.policy.TelephonyIcons.getSignalNullIcon(int)', 'int com.android.systemui.statusbar.policy.TelephonyIcons.getRoamingSignalIconId(int,int)', 'int com.android.systemui.statusbar.policy.TelephonyIcons.getDataActivity(int,int)']",441,13,"[(83, 85, 3), (98, 100, 3), (111, 112, 2), (111, 112, 2), (137, 139, 3), (152, 154, 3), (167, 169, 3), (182, 184, 3), (197, 199, 3), (212, 214, 3), (227, 229, 3), (242, 244, 3), (255, 661, 407)]",True
262,595572aed3270fda20949d9c19381969d40ecfd4,packages/SystemUI/src/com/android/systemui/statusbar/policy/MobileSignalController.java,"['int com.android.systemui.statusbar.policy.MobileSignalController.getCurrentIconId()', 'void com.android.systemui.statusbar.policy.MobileSignalController.MobileIconGroup.<init>(String,int[][],int[][],int[],int,int,int,int,int,int,int,boolean,int,int,int,int,int)', 'void com.android.systemui.statusbar.policy.MobileSignalController.MobileIconGroup.<init>(String,int[][],int[][],int[],int,int,int,int,int,int,int,boolean,int)', 'void com.android.systemui.statusbar.policy.MobileSignalController.MobileIconGroup.<init>(String,int[][],int[][],int[],int,int,int,int,int,int,int,boolean,int,int,int,int,int)']",23,3,"[(271, 276, 6), (836, 847, 12), (853, 857, 5)]",True
263,595572aed3270fda20949d9c19381969d40ecfd4,packages/SystemUI/src/com/android/systemui/statusbar/phone/PanelView.java,"['void com.android.systemui.statusbar.phone.PanelView.updateHapticFeedBackEnabled()', 'void com.android.systemui.statusbar.phone.PanelView.<init>(Context,AttributeSet)']",12,2,"[(53, 53, 1), (230, 240, 11)]",True
264,595572aed3270fda20949d9c19381969d40ecfd4,services/core/java/com/android/server/am/ActivityStack.java,"['boolean com.android.server.am.ActivityStack.startPausingLocked(boolean,boolean,ActivityRecord,boolean)']",6,1,"[(1459, 1464, 6)]",True
265,4e4914b22b779e6376bb00ae20636175b2a70d8c,packages/SystemUI/src/com/android/keyguard/KeyguardUpdateMonitor.java,[],5,3,"[(144, 144, 1), (334, 335, 2), (802, 803, 2)]",True
266,4e4914b22b779e6376bb00ae20636175b2a70d8c,telecomm/java/android/telecom/Connection.java,[],7,1,"[(331, 337, 7)]",True
267,4e4914b22b779e6376bb00ae20636175b2a70d8c,telecomm/java/android/telecom/ConnectionService.java,[],2,1,"[(184, 185, 2)]",True
268,4e4914b22b779e6376bb00ae20636175b2a70d8c,packages/SystemUI/src/com/android/systemui/statusbar/phone/PanelView.java,[],2,1,"[(53, 54, 2)]",True
269,4e4914b22b779e6376bb00ae20636175b2a70d8c,telecomm/java/android/telecom/Call.java,['String android.telecom.Call.Details.capabilitiesToString(int)'],7,2,"[(355, 359, 5), (537, 538, 2)]",True
270,0d68733d6363c270aed49b9be40c2b8ca41c3c52,services/usb/java/com/android/server/usb/UsbDeviceManager.java,"['boolean com.android.server.usb.UsbDeviceManager.UsbHandlerLegacy.trySetEnabledFunctions(String,boolean)']",5,1,"[(1505, 1509, 5)]",True
271,af01b38e0a0664bc87b649248b0c13fbe0925193,services/usb/java/com/android/server/usb/UsbDeviceManager.java,['String com.android.server.usb.UsbDeviceManager.UsbHandler.getChargingFunctions()'],5,1,"[(1346, 1350, 5)]",True
